age,monthly_spend,tenure_months,support_calls,churned
47,111,1,4,1
48,76,39,5,0
47,106,61,0,0
42,48,54,0,0
47,78,8,3,0
56,111,14,4,0
29,66,1,1,0
50,49,25,0,1
33,78,23,1,0
24,58,35,2,0
29,103,27,0,0
59,114,44,3,0
57,91,32,3,0
66,181,43,3,0
20,137,3,4,0
45,140,33,0,0
39,144,20,2,0
47,127,18,0,0
26,96,2,5,1
60,152,39,3,0
50,133,41,2,1
59,67,26,3,1
48,67,31,0,0
56,125,60,1,0
19,129,20,4,0
27,93,5,0,0
60,138,27,2,0
47,82,15,1,0
50,94,75,5,0
29,122,21,4,0
57,90,13,7,1
61,87,24,1,0
39,96,25,4,0
27,63,33,0,0
40,59,42,5,0
54,113,1,2,0
60,48,21,4,0
43,116,10,7,0
45,112,60,0,0
45,102,5,4,0
49,93,34,1,0
44,50,23,3,0
74,151,19,3,0
34,106,33,2,0
33,118,14,1,0
49,135,7,4,0
28,103,29,0,1
42,86,9,2,0
48,73,35,6,0
57,120,17,0,0
25,127,40,2,0
36,104,27,4,1
42,117,63,1,0
51,67,43,1,0
19,60,23,2,0
25,61,29,3,0
35,53,46,1,0
49,77,54,4,0
39,76,38,3,0
51,134,29,5,1
39,82,1,8,0
40,79,3,2,0
29,84,10,2,0
32,139,59,0,0
49,154,7,1,0
47,64,14,4,0
18,57,50,2,0
40,63,1,6,0
48,10,15,1,0
43,52,37,4,0
54,116,34,3,1
46,70,41,2,1
32,116,42,1,0
45,80,59,3,0
32,100,33,4,0
51,145,56,0,0
41,68,7,2,0
18,87,28,5,0
35,111,21,3,0
33,85,5,2,0
51,94,2,0,0
56,91,35,2,0
37,101,20,2,0
35,74,13,2,0
56,108,38,0,0
40,97,35,0,0
34,36,34,1,0
53,84,48,1,0
29,121,10,4,1
36,130,29,1,0
45,137,32,3,0
33,39,10,2,0
43,23,43,0,0
38,139,34,1,0
65,49,14,5,0
45,116,15,2,0
27,86,68,2,0
18,94,47,2,0
45,79,31,4,0
39,39,33,3,0
48,103,45,2,0
40,78,2,1,0
53,80,53,0,0
29,116,13,0,1
28,54,52,3,0
53,89,8,5,1
48,124,42,1,0
62,91,8,4,0
33,101,43,2,0
41,113,39,1,0
27,88,19,0,0
39,134,27,2,0
34,44,12,4,1
39,64,51,3,0
44,108,36,2,0
56,116,32,1,0
49,85,34,3,0
33,60,31,3,0
30,124,43,3,1
52,52,20,3,0
31,142,18,1,0
37,100,50,1,0
35,110,26,2,1
43,96,65,0,0
27,117,38,3,0
45,99,5,2,0
40,75,60,3,0
41,72,60,3,0
51,123,15,0,0
42,24,9,3,0
49,92,5,3,0
43,133,38,4,0
38,131,3,1,0
21,77,69,2,0
30,110,1,0,0
27,122,30,2,0
33,95,7,4,0
39,115,35,6,0
40,88,47,3,0
41,81,31,3,0
42,88,31,3,1
66,107,38,0,0
45,94,23,0,0
41,119,24,0,0
35,73,65,2,0
34,61,34,1,1
45,76,29,1,0
53,127,26,2,1
25,89,29,4,0
46,83,66,2,0
54,80,30,0,0
39,101,22,0,0
40,83,34,0,0
45,39,53,3,0
60,119,2,4,0
47,94,1,1,0
48,127,23,3,0
50,102,29,3,0
43,39,33,0,0
37,76,30,1,0
35,71,40,3,0
50,122,45,2,0
34,103,15,1,0
49,109,49,1,0
47,101,34,1,0
19,68,24,4,0
27,79,47,4,0
28,73,47,1,0
46,98,45,2,0
52,99,23,0,1
46,80,23,1,0
41,91,11,0,1
49,45,16,2,0
46,89,38,0,0
29,138,23,5,0
56,101,58,4,0
39,95,18,3,0
21,106,17,4,0
39,64,33,3,0
45,88,34,3,0
63,91,17,4,0
42,87,28,2,0
24,90,18,4,0
33,118,44,4,0
60,74,38,2,0
34,101,33,3,0
30,64,24,4,0
42,76,40,1,0
35,100,1,0,0
22,61,15,1,0
52,96,30,1,0
43,101,30,3,0
28,103,9,1,0
47,39,1,3,0
23,86,15,2,0
33,97,61,3,0
36,121,2,4,0
40,53,38,2,0
48,85,50,0,0
58,130,40,3,0
62,134,23,1,1
56,135,37,5,0
39,54,34,0,1
41,92,32,2,0
41,87,27,5,0
43,110,29,1,0
40,110,26,0,0
59,43,1,0,0
44,88,52,1,0
43,108,13,1,0
21,96,51,2,1
44,151,11,3,0
35,116,43,0,0
18,104,6,1,0
54,113,13,2,0
44,84,16,2,0
64,110,26,3,0
36,77,30,0,0
50,109,45,4,1
42,100,35,2,0
42,103,48,0,0
35,76,33,0,0
45,88,51,2,0
44,79,35,3,0
18,118,26,7,0
64,88,34,3,0
31,105,44,3,0
53,64,28,1,0
36,124,23,1,0
55,79,32,3,0
61,133,45,0,0
37,140,11,5,0
19,86,13,0,0
52,71,28,0,0
44,49,38,1,0
54,117,46,0,0
35,66,16,3,0
18,73,31,2,0
29,76,32,0,0
46,97,23,0,0
